{"type": "block", "layer": 0, "block": 6, "features": [{"geom": {"pts": [[73.15704503888264, -121.0573413958773, 770.37541796875]], "r": 5}, "mtl": 1}, {"geom": {"pts": [[84.12741444213316, -104.44432876631618, 767.0461723632812]], "r": 5}, "mtl": 1}, {"geom": {"pts": [[97.1435198491672, -92.61745304428041, 770.2133588867188]], "r": 5}, "mtl": 1}, {"geom": {"pts": [[110.13449463853613, -82.26624385081232, 770.56099609375]], "r": 5}, "mtl": 1}], "featureCount": 4, "startIndex": 300}