{"type": "block", "layer": 15, "block": 0, "features": [{"geom": {"pts": [[-13.632815810036846, -16.51321438793093, 702.9747314453125]], "r": 6, "h": 78.0}, "mtl": {"idx": 0}}, {"geom": {"pts": [[140.8071841900237, 182.60678561218083, 701.93896484375]], "r": 6, "h": 78.0}, "mtl": {"idx": 0}}, {"geom": {"pts": [[-124.84281580999959, -218.85321438871324, 689.2330932617188]], "r": 6, "h": 78.0}, "mtl": {"idx": 0}}], "featureCount": 3, "startIndex": 0}