{"type": "block", "layer": 16, "block": 0, "features": [{"geom": {"pts": [[-13.632815810036846, -16.51321438793093, 780.9747314453125]], "r": 50}, "mtl": {"idx": 0}}, {"geom": {"pts": [[140.8071841900237, 182.60678561218083, 779.93896484375]], "r": 50}, "mtl": {"idx": 0}}, {"geom": {"pts": [[-124.84281580999959, -218.85321438871324, 767.2330932617188]], "r": 50}, "mtl": {"idx": 0}}], "featureCount": 3, "startIndex": 0}