{"type": "block", "layer": 18, "block": 0, "features": [{"geom": {"pts": [[-18.18439570441842, -3.7404345022514462, 944.990966796875]], "r": 5, "h": 68.0}, "mtl": {"idx": 0}, "lbl": "R1", "lh": 68.0}, {"geom": {"pts": [[166.6527480451623, 91.40269049815834, 951.3805541992188]], "r": 5, "h": 68.0}, "mtl": {"idx": 0}, "lbl": "R2", "lh": 68.0}], "featureCount": 2, "startIndex": 0}