{"type": "block", "layer": 19, "block": 0, "features": [{"geom": {"pts": [[-18.18439570441842, -3.7404345022514462, 1012.990966796875]], "r": 45}, "mtl": {"idx": 0}}, {"geom": {"pts": [[166.6527480451623, 91.40269049815834, 1019.3805541992188]], "r": 45}, "mtl": {"idx": 0}}], "featureCount": 2, "startIndex": 0}