{"type": "block", "layer": 16, "block": 0, "features": [{"geom": {"pts": [[112.50396002351772, 152.72557529713959, 780.9747314453125]], "r": 50}, "mtl": {"idx": 0}}, {"geom": {"pts": [[266.94396002357826, 351.84557529725134, 779.93896484375]], "r": 50}, "mtl": {"idx": 0}}, {"geom": {"pts": [[1.2939600235549733, -49.614424703642726, 767.2330932617188]], "r": 50}, "mtl": {"idx": 0}}], "featureCount": 3, "startIndex": 0}